"year","month","day","country","media_outlet","citation","major","ccode","case_id"
2000,5,27,"Colombia","NYT","May 27, 2000. ""Major Audit Firms Reject Colombia Contracts, Fearing Reprisal."" The New York Times. A7.",1,100,"100-2000"
2007,2,20,"Colombia","NYT","Romero, Simon. February 20, 2007. ""Foreign Minister Of Colombia Quits in Scandal."" The New York Times. A9.",1,100,"100-2007"
1995,2,14,"Germany","The Globe and Mail (Canada)","Reuters. February 14, 1995. ""Europe Germany acknowledges wasted aid."" ",1,255,"255-1995"
2006,10,4,"Macedonia","BBC Monitoring Europe - Political","""Macedonian government to probe possible misuse of foreign aid.""",1,343,"343-2006"
1992,8,8,"Bosnia","The Age (Melbourne, Australia)","""NATO set to act on Bosnia."" The Age (Melbourne, Australia). Page 1.",0,346,"346-1992"
1997,8,13,"Bosnia","NYT","O'Connor, Mike. August 13, 1997. ""Obstacle to Unifying Bosnia: Politicians Who Have Their Hands in the Till."" The New York Times. A10.",0,346,"346-1997"
1999,8,17,"Bosnia","NYT","Hedges, Chris. August 17, 1999. ""LEADERS IN BOSNIA ARE SAID TO STEAL UP TO $1 BILLION."" The New York Times. A1.",1,346,"346-1999"
2000,7,7,"Bosnia","NYT","Marquis, Christopher and Carlotta Gall. July 7, 2000. ""Congressional Report Says Corruption Is Stifling Bosnia."" The New York Times. A3.",0,346,"346-2000"
1999,8,28,"Kosovo","NYT","Crossette, Barbara. August 28, 1999. ""U.N. Official Warns of Problems Undercutting Aid to Kosovo."" The New York Times. A3.",0,347,"347-1999"
2008,7,19,"Bulgaria","The International Herald Tribune","Castle, Stephen. July 19, 2008. ""Bulgaria risks losing funds from EU; Ongoing corruption cited in draft report."" The International Herald Tribune. Pg. 3.",1,355,"355-2008"
2009,6,16,"Bulgaria","The Irish Times","McLaughlin, Daniel. June 16, 2009. ""Bulgarian minister resigns as link to bribery scandal emerges."" The Irish Times. Pg. 9.",1,355,"355-2009"
2011,8,26,"Moldova","BBC Monitoring Kiev Unit","""Moldovan rebel region denies misuse of Russian money.""",1,359,"359-2011"
1990,12,1,"Russia","The Toronto Star","Handelman, Stephen. December 1, 1990. ""KGB recruited to make sure food aid gets to Soviet people."" The Toronto Star. A3.",0,365,"365-1990"
1991,12,27,"Russia","NYT","Rosenthal, A.M. December 27, 1991. ""Don't Send Aid."" The New York Times. A33.",0,365,"365-1991"
1992,1,26,"Russia","NYT","Bohlens, Celestine. January 26, 1992. ""Corruption and Waste Clog Aid Pipeline to Russia: Waste Is Clogging Aid Pipeline to Russia."" The New York Times. 1.",0,365,"365-1992"
1998,8,31,"Russia","The Globe and Mail (Canada)","York, Geoffrey. August 31, 1998. ""West angry at Russia's poor payback record Millions in foreign loans have vanished, plundered by crooked officials, critics say."" The Globe and Mail (Canda). Pg. A9.",1,365,"365-1998"
1999,9,1,"Russia","NYT","Perlez, Jane. September 1, 1999. ""Washington, Pressed by Inquiries, Tries Again to Justify Bold Economic Aid for Russia."" The New York Times. A6.",0,365,"365-1999"
2000,1,18,"Russia","The Globe and Mail (Canada)","York, Geoffrey. January 18, 2000. ""Russian maze keeps food aid from refugees; Supplies sent to villages of Ingushetia 
disappear as Chechen families go hungry."" The Globe and Mail. A8.",1,365,"365-2000"
2000,11,2,"Russia","NYT","Kahn, Joseph. November 2, 2000. ""Why West's Billions Failed to Give Russia a Robust Economy."" The New York Times. A7.",0,365,"365-2000-1"
1997,4,9,"Ukraine","NYT","Bonner, Raymond. April 9, 1997. ""Ukraine Staggers on Path to the Free Market."" The New York Times. A3.",0,369,"369-1997"
1998,6,20,"Ukraine","The Independent (London)","Reeves, Phil. June 20, 1998. ""Ukraine 'loses' West's $ 5bn aid cash."" The Independent. pg. 13.",1,369,"369-1998"
2000,3,15,"Ukraine","NYT","Kahn, Joseph. March 15, 2000. ""I.M.F. Says Ukraine Overstated Amount of the National Reserves."" The New York Times. A10.",1,369,"369-2000"
2004,7,14,"Haiti","NYT","Marquis, Christopher. July 14, 2004. ""$924 Million in Aid for Haiti To Be Sought From Donors."" The New York Times. A8.",0,41,"41-2004"
2010,1,26,"Haiti","NYT","Lacey, Marc and Ginger Thompson. January 26, 2010. ""Agreement On Effort To Help Rebuilding Reconstruction Cost Is Put at $3 Billion."" New York Times. A8.",0,41,"41-2010"
2000,1,6,"Ivory Coast","NYT","January 6, 2000. ""Ivory Coast Says It Is Halting Payments on Debt."" The New York Times. A14.",0,437,"437-2000"
1990,3,26,"Liberia","NYT","Noble, Kenneth B. March 26, 1990. ""Liberian President Leads the Good Life While His Country Grows Poorer."" The New York Times. A6.",0,450,"450-1990"
2013,6,4,"Sierra Leone","The Irish Times","""Sierra Leone aid fund frozen."" The Irish Times. Pg. 8.",1,451,"451-2013"
2005,7,6,"Nigeria","NYT","LaFraniere, Sharon. July 6, 2005. ""Africa Tackles Graft, With Billions in Aid in Play."" New York Times. A1.",0,475,"475-2005"
1990,4,11,"Zaire","NYT","Krauss, Clifford. April 11, 1990. ""House Democrats Challenge Bush By Seeking to Reduce Aid to Zaire."" The New York Times. A2.",0,490,"490-1990"
2006,6,1,"Uganda","Christian Science Monitor","Scheier, Rachel. June 1, 2006. ""African graft stings donors."" Christian Science Monitor. Pg. 6",1,500,"500-2006"
2009,5,6,"Uganda","BBC Monitoring Africa - Political","""Ugandan fails to account for 9m dollars in AIDS money.""",1,500,"500-2009"
2010,6,28,"Uganda","The Independent (Kampala, Uganda)","Njoroge, John. June 28, 2010. ""Donors Freeze Aid over Corruption."" The Independent (Kampala, Uganda).",0,500,"500-2010"
2012,11,16,"Uganda","The Guardian","Tran, Mark and Liz Ford. ""UK suspends aid to Uganda as concern grows over misuse of funds."" The Guardian Online. ",1,500,"500-2012"
2013,11,9,"Uganda","The Daily Monitor","Butagira, Tabu. ""United Kingdom explains budget aid suspension to government."" The Daily Monitor.",1,500,"500-2013"
1991,10,21,"Kenya","NYT","Perlez, Jane. October 21, 1991. ""Citing Corruption by Kenya Officials, Western Nations Are Canceling Aid."" The New York Times. A9.",1,501,"501-1991"
1991,11,27,"Kenya","NYT","Greenhouse, Steven. November 27, 1991. ""AID DONORS INSIST ON KENYA REFORMS: 6-Month Deadline Given for Moves Against Abuses Aid Donors Insist on Kenya Reforms."" The New York Times. A1.",0,501,"501-1991-1"
1993,6,7,"Kenya","NYT","Lorch, Donatella. June 7, 1993. ""Kenya, Calling for Aid, Fights Falling Economy."" The New York Times. A6.",1,501,"501-1993"
1996,1,29,"Kenya","NYT","McKinley Jr., James C. January 29, 1996. ""Spendthrift Priorities Delay Kenya's Bid for More Aid: More loans for a leader who just bought a new jet?"" The New York Times. A3.",1,501,"501-1996"
2010,3,9,"Kenya","NYT","Gettleman, Jeffrey. March 9, 2010. ""Shower of Aid Brings Flood of Progress."" The New York Times. A9.",0,501,"501-2010"
2014,10,13,"Tanzania","The Guardian","Anderson, Mark. ""UK and international donors suspend Tanzania aid after corruption claims."" The Guardian Online.",1,510,"510-2014"
1989,1,28,"Somalia","NYT","""U.N. WITHHOLDS AID IN SOMALIA DISPUTE"" The New York Times. Pg. 4.",0,520,"520-1989"
1993,2,9,"Somalia","NYT","Schemo, Diana Jean.February 9, 1993. ""Donors Find Much Somali Aid Stolen: Is food for famine relief really getting to the hungry?"" The New York Times. A10.",1,520,"520-1993"
2011,9,16,"Somalia","NYT","Gettleman, Jeffrey. September 16, 2011. ""Famine Ravages Somalia in a World Less Likely to Intervene."" The New York Times. A5.",0,520,"520-2011"
2014,4,30,"Somalia","BBC Monitoring Africa - Political","""Somali minister admits government officials stealing food aid.""",1,520,"520-2014"
2010,5,21,"Ethiopia","NYT","Gettleman, Jeffrey. May 21, 2010. ""Repression Is Alleged Before Vote In Ethiopia."" New York Times. A4.",1,530,"530-2010"
2011,1,20,"Ethiopia","The Irish Times","Cullen, Paul. January 20, 2011. ""Rights group alleges misuse of Ethiopia aid."" The Irish Times. Pg. 10.",1,530,"530-2011"
2011,8,16,"Ethiopia","BBC Monitoring Africa - Political","""Ethiopia dismisses BBC report on aid misuse as ""irresponsible"".""",1,530,"530-2011-1"
2001,2,16,"Zambia","NYT","Cowell, Alan. February 16, 2001. ""Draft Audit Faults Zambia's Mining Deals: Study for World Bank and I.M.F. Says Millions Were Lost."" The New York Times. A6.",1,551,"551-2001"
2002,12,12,"Zimbabwe","NYT","Swarns, Rachel L. December 12, 2002. ""Zimbabwe Uses Food as a Political Tool, Aid Groups Say."" The New York Times. A1.",1,552,"552-2002"
2003,10,19,"Zimbabwe","NYT","Wines, Michael. ""Corruption and Despair Choke Zimbabwe."" The New York Times. N1.",0,552,"552-2003"
2007,8,20,"Zimbabwe","BBC Monitoring Africa - Political","""Zimbabwe Red Cross faces collapse as donors cut aid over graft.""",1,552,"552-2007"
2008,11,3,"Zimbabwe","NYT","Dugger, Celia W. November 3, 2008. ""Aid Group Says Zimbabwe Misused $7.3 Million and Hasn't Repaid It: Money Intended To Fight Disease"" New York Times. A6",1,552,"552-2008"
2000,10,30,"Malawi","Daily Telegraph","Lamb, Christina. October 30, 2000. ""Luxury cars spur foreign aid furore: U.K. probes reports Malawi's gov't bought limousines."" The Daily Telegraph. A3.",1,553,"553-2000"
2005,12,7,"Malawi","NYT","Wines, Michael. December 7, 2005. ""Amid Squalor, an Aid Army Marches to No Drum at All."" New York Times. A4.",0,553,"553-2005"
2013,11,18,"Malawi","The Telegraph","Laing, Aislinn. ""Britain suspends aid to Malawi over corruption claims and attempted murder of whistleblower."" ",1,553,"553-2013"
1996,12,14,"South Africa","NYT","Daley, Suzanne. December 14, 1996. ""Anti-Apartheid Fighter Charged With Defrauding Relief Funds."" The New York Times. Section 1, page 6.",1,560,"560-1996"
1991,6,7,"Iraq","The Independent (London)","Lucas, Edward. June 7, 1991. ""Row over Saddam misuse of food aid."" The Independent. P. 10.",1,645,"645-1991"
1992,8,9,"Iraq","NYT","Sciolino, Elaine. August 9, 1992. ""Iraq Policy Still Bedevils Bush as Congress Asks: Were Crimes Committed?"" The New York Times. Page 18.",1,645,"645-1992"
2004,2,24,"Iraq","NYT","Sachs, Susan. ""Hussein's Regime Skimmed Billions From Aid Program: Records Show Kickbacks Began in 2000--Suppliers Carried Suitcases of Cash."" The New York Times. N1.",1,645,"645-2004"
2007,7,31,"Iraq","NYT","Cave, Damien. July 31, 2007. ""Aid Organization Says Iraqis and Foreign Donors Must Ease a Growing Humanitarian Crisis."" The New York Times. A8.",0,645,"645-2007"
2008,9,23,"Iraq","The Washington Post","Hedgpeth, Dana. September 23, 2008. ""$13 Billion in Iraq Aid Wasted Or Stolen, Ex-Investigator Says."" The Washington Post. A19.",1,645,"645-2008"
2011,2,6,"Egypt","NYT","Scott, Shane. February 6, 2011. ""Blood on the Nile: America's journeys with strongmen have a rhythm: Focus first on the benefits. The costs are paid later."" The New York Times. WK1.",0,651,"651-2011"
2010,1,28,"Yemen","NYT","Landler, Mark. January 28, 2010. ""As Nations Meet, Clinton Urges Yemen to Prove Itself Worthy of Aid""  New York Times. pg. A9",0,679,"679-2010"
2008,2,6,"Afghanistan","Ottawa Citizen","Adam, Mohammed. February 6, 2008. ""Senator sounds alarm over aid to Afghans; 'Nobody is keeping account' of where millions going, says Colin Kenny."" The Ottawa Citizen. A1.",1,700,"700-2008"
2008,3,26,"Afghanistan","NYT","Gall, Carlotta. March 26, 2008. ""Afghans Lack $10 Billion in Aid, Report Says."" The New York Times. A10.",0,700,"700-2008-1"
2009,6,16,"Afghanistan","BBC Monitoring South Asia - Political","""Afghan governor backs Karzai poll rival due to graft, aid misuse - paper.""",0,700,"700-2009"
2010,9,13,"Afghanistan","NYT","Rubin, Alissa. September 13, 2010. ""New Guidelines Address Afghan Graft."" The New York Times. A15.",0,700,"700-2010"
2011,8,13,"Afghanistan","Daily Mail (London)","Walker, Kirsty. August 13, 2011. ""670M OF BRITISH AID 'PAID TO THE TALIBAN'."" Daily Mail (London)",1,700,"700-2011"
2011,12,6,"Afghanistan","NYT","Nordland, Rod. December 6, 2011. ""Aid Agencies In Afghanistan Fear Reversals After U.S. Exits."" New York Times. A1.",0,700,"700-2011-1"
2014,1,30,"Afghanistan","NYT","Rosenberg, Matthew and Azam Ahmed. January 30, 2014. ""Report Says Afghanistan Can't Be Trusted to Prevent Misuse of U.S. Aid."" The New York Times. A12.",1,700,"700-2014"
2008,10,15,"Tajikistan","NYT","Stern, David L. October 15, 2008. ""Cotton Is King in Tajikistan, and Debt-Ridden Farmers Say They Are the Pawns."" The New York Times. A12. ",0,702,"702-2008"
2006,8,31,"North Korea","Korea Times","""Aid to Pyongyang Stirs Controversy in South."" ",0,731,"731-2006"
2009,10,18,"North Korea","Korea Times","Sue-young, Kim. October 18, 2009. ""Seoul Rules Out Massive Aid to NK."" Korea Times.",0,731,"731-2009"
2010,6,16,"India","The Financial Express","""No misuse of British aid for SSA: HRD ministry."" ",1,750,"750-2010"
2007,12,27,"Pakistan","NYT","Perlez, Jane. December 25, 2007. ""Doubts Engulf U.S. Aid Plan For Pakistan: Risks Are Seen in Help for Tribal Areas."" The New York Times. A1. ",0,770,"770-2007"
2008,6,30,"Pakistan","BBC Monitoring South Asia - Political","""UK ""protests"" alleged misuse of polio vaccine aid by Pakistan- sources."" ",1,770,"770-2008"
2008,7,4,"Pakistan","BBC Monitoring South Asia - Political","""Paper urges Pakistan to probe alleged misuse of US counter-terror aid""",1,770,"770-2008-1"
2010,8,13,"Pakistan","The Telegraph","Nelson, Dean. August 13, 2010. ""�300m earthquake aid 'misused by Zardari�"" The Telegraph.",1,770,"770-2010"
2010,9,29,"Pakistan","NYT","Perlez, Jane. September 29, 2010. ""Pakistan Army Seeks Overhaul In Government: Floods and Fiscal Crisis Lay Bare Tensions"" The New York Times. A1.",0,770,"770-2010-1"
2010,12,9,"Pakistan","The Balochistan Times (AsiaNet)","""Fear of misuse, donors withdrawn 40% pledges of quake aid: ERRA"" The Balochistan Times. Vol. XXXIV, No. 338.",0,770,"770-2010-2"
2011,5,2,"Pakistan","NYT","Perlez, Jane. May 2, 2011. ""U.S. Aid Plan for Pakistan Falling Short, Officials Say."" New York Times. A16.",0,770,"770-2011"
1990,4,25,"Bangladesh","The Guardian (London)","Sullivan, Kevin. ""Bangladeshis deny misuse of Japan aid."" The Guardian.",1,771,"771-1990"
2008,5,8,"Myanmar","The Guardian (London)","Booth, Robert. May 8, 2008. ""Cyclone Nargis: Aid: World concern over use of donated funds."" The Guardian (London). Pg. 17.",1,775,"775-2008"
2005,2,13,"Sri Lanka","The Observer","Burke, Jason. February 13, 2005. ""Tsunami victims still wait for aid: Supplies to stricken Sri Lankans are blocked by bungling and corruption."" The Observer. Pg. 19.",1,780,"780-2005"
1990,5,7,"Nepal","NYT","Hazarika, Sanjoy. May 7, 1990. ""Nepal Seeks Less Reliance On Foreign Economic Aid."" The New York Times. D5.",0,790,"790-1990"
2013,7,17,"Nepal","Himalayan Times","""Donors likely to slash aid to local bodies.""",1,790,"790-2013"
1995,4,18,"Cambodia","The Globe and Mail (Canada)","Stackhouse, John. April 18, 1995. ""Dark clouds stain dawn of democracy CAMBODIA / With the UN operation over, corruption and intolerance again pose a threat to freedom and human rights."" The Globe and Mail.",0,811,"811-1995"
1999,7,10,"Cambodia","The Weekend Australian","Cochrane, Joe. July 10, 1999. ""Aid graft threatens demining."" The Weekend Australian. Pg. 13.",1,811,"811-1999"
2006,1,22,"Cambodia","NYT","Gross, Matt. January 22, 2006. ""Why Is Everyone Going to Cambodia?"" The New York Times. D12.",0,811,"811-2006"
1994,1,24,"Vietnam","The Nikkei Weekly (Japan)","Suzuki, Makoto. January 24, 1994. ""Aid windfall spurs Hanoi's growth ambitions. Corruption, Inflation May Block Progress."" The Nikkei Weekly. P. 20.",0,816,"816-1994"
2006,5,7,"Vietnam","NYT","Mydans, Seth. May 7, 2006. ""Vietnam's Deep-Rooted Corruption Threatens Development."" The New York Times. 8. ",0,816,"816-2006"
2003,10,18,"Philippines","NYT","Decker, Brett M. October 18, 2003. ""A Fair Fight in the Philippines."" The New York Times. A13. ",0,840,"840-2003"
1998,10,23,"Indonesia","The Globe and Mail (Canada)","Simpson, Glenn R. and Michael Phillips. October 23, 1998. ""World Bank calls for action on corruption in Indonesia."" The Globe and Mail. B8.",0,850,"850-1998"
1999,9,17,"Indonesia","NYT","Mydans, Seth. September 17, 1999. ""In Jakarta, News of Timor Is Barely a Blip: A Scandal (and Those Pesky Foreign Agitators) Stir Indonesians."" The New York Times. A6.",1,850,"850-1999"
2000,11,8,"Indonesia","NYT","Sims, Calvin. November 8, 2000. ""Scandals Sully Indonesian Leader's Reform Image."" The New York Times. A12.",0,850,"850-2000"
2002,8,28,"Indonesia","NYT","Perlez, Jane. August 28, 2002. ""World Banker Assails Indonesia's Corruption."" The New York Times. W1.",0,850,"850-2002"
2005,1,13,"Indonesia","NYT","Bonner, Raymond. January 13, 2005. ""Corruption In Indonesia Is Worrying Aid Groups."" New York Times. A8.",0,850,"850-2005"
2008,2,11,"Indonesia","Australian Financial Review","Grigg, Angus. February 11, 2008. ""Search for missing billions."" Australian Financial Review. Pg. 11.",1,850,"850-2008"
2010,7,16,"Indonesia","PNG Post-Courier (Australia)","""Aid funds not used properly."" PNG Post-Courier (Australia). Pg. 9.",1,850,"850-2010"
1992,4,27,"Papua New Guinea","Herald Sun (Australia)","""Time to Tie Some Aid."" The Herald Sun.",1,910,"910-1992"
2010,7,16,"Papua New Guinea","PNG Post-Courier (Australia)","""Aid funds not used properly."" PNG Post-Courier (Australia). Pg. 9.",1,910,"910-2010"
1992,7,12,"Nicaragua","NYT","Christian, Shirley. July 12, 1992. ""Nicaraguan Money Scandal Threatens a Chamorro Ally."" The New York Times. 9.",1,93,"93-1992"
2008,7,27,"Costa Rica","BBC Monitoring Asia Pacific - Political","""Taiwan respects result of Costa Rican probe on Taiwan aid - foreign ministry."" ",1,94,"94-2008"
